{
  "version": 1,
  "target": "x86_64-unknown-linux-android24",
  "toolchain-bin-dir": "/home/runner/work/swift-android-sdk/swift-android-sdk/sdk-config/swift-5.7.1-RELEASE-ubuntu20.04/usr/bin",
  "sdk": "/usr/local/lib/android/sdk/ndk/25.1.8937393/toolchains/llvm/prebuilt/linux-x86_64/sysroot",
  "extra-cc-flags": [ "-fPIC", "-I/home/runner/work/swift-android-sdk/swift-android-sdk/sdk-config/swift-release-android-x86_64-24-sdk/usr/include" ],
  "extra-swiftc-flags": [
    "-resource-dir", "/home/runner/work/swift-android-sdk/swift-android-sdk/sdk-config/swift-release-android-x86_64-24-sdk/usr/lib/swift",
    "-tools-directory", "/usr/local/lib/android/sdk/ndk/25.1.8937393/toolchains/llvm/prebuilt/linux-x86_64/bin",
    "-Xcc", "-I/home/runner/work/swift-android-sdk/swift-android-sdk/sdk-config/swift-release-android-x86_64-24-sdk/usr/include",
    "-L/home/runner/work/swift-android-sdk/swift-android-sdk/sdk-config/swift-release-android-x86_64-24-sdk/usr/lib"
  ],
  "extra-cpp-flags": [ "-lstdc++" ]
}